epoch,train_ls,test_ls,test_acc
1,2.2587039490376624,2.233589730267662,0.20781893004115226
2,2.189509813450585,2.2381913008267986,0.18415637860082304
