,acc,fscore
baseline_cnn,0.6617441507140687,0.5163752489059669
nbdt,0.44503190519598906,0.30183036987785195
