,ACC,TPR,F1,TP,TN,FP,FN
m2vDroid,0.9498517786561265,0.9997280391623606,0.9731303772336202,3676,169,202,1
AAT,0.9856719367588933,0.9991841174870819,0.9921685120172834,3674,316,55,3
ABAT,0.9762845849802372,0.9904813706826217,0.9869918699186992,3642,310,61,35
APAT,0.9792490118577075,0.9980962741365244,0.9886853448275863,3670,294,77,7
ABPBTAT,0.9861660079051383,0.9986401958118031,0.9924324324324324,3672,320,51,5
APBPTAT,0.9757905138339921,0.9918411748708186,0.9867424242424242,3647,303,68,30
